EVENT_TYPE,events,deaths,injuries,damage_usd
Flash Flood,1709,8,13,1135403000.0
Hail,5455,0,1,906894860.0
Tropical Storm,5,2,0,436500000.0
Wildfire,267,3,14,115166600.0
Tornado,990,13,99,107575000.0
Hurricane,1,9,5,96000000.0
Frost/Freeze,261,0,6,58510000.0
Thunderstorm Wind,11388,14,91,55935100.0
Ice Storm,179,6,12,25760000.0
Flood,764,14,2,12807800.0
Lightning,51,3,6,12576900.0
High Wind,2610,2,15,9108200.0
Winter Storm,1957,30,72,8527900.0
Winter Weather,1908,19,68,5876750.0
Cold/Wind Chill,1123,34,2,5775000.0
Strong Wind,473,5,26,976720.0
Heavy Snow,1015,5,3,538000.0
Drought,4376,0,0,390000.0
Coastal Flood,40,0,0,332500.0
Dust Storm,62,1,12,200000.0
High Surf,17,8,13,150000.0
Heavy Rain,96,5,2,128500.0
Debris Flow,28,0,0,91010.0
Marine Thunderstorm Wind,1220,0,0,44000.0
Blizzard,365,8,0,34200.0
Dust Devil,4,0,0,11000.0
Marine Strong Wind,1,1,3,10000.0
Marine Lightning,1,0,0,5000.0
Avalanche,14,18,9,0.0
Astronomical Low Tide,82,0,0,0.0
Excessive Heat,177,9,0,0.0
Extreme Cold/Wind Chill,1175,19,6,0.0
Dense Fog,453,7,11,0.0
Marine Hail,12,0,0,0.0
Funnel Cloud,57,0,0,0.0
Freezing Fog,15,0,0,0.0
Lake-Effect Snow,36,0,0,0.0
Heat,505,54,6,0.0
Marine High Wind,56,0,0,0.0
Storm Surge/Tide,2,1,0,0.0
Sleet,15,0,0,0.0
Rip Current,31,18,28,0.0
Marine Tropical Storm,6,0,0,0.0
Sneakerwave,11,0,1,0.0
Volcanic Ashfall,1,0,0,0.0
Waterspout,48,0,0,0.0
